--
-- PostgreSQL database dump
--

\restrict gYxhkN4648hX0i2DFn1UJB1NRL5Uzmbe8TQV165MrMbPsFbG1VKtO2JyJnwDvk2

-- Dumped from database version 18.3
-- Dumped by pg_dump version 18.3

-- Started on 2026-04-02 14:21:44

SET statement_timeout = 0;
SET lock_timeout = 0;
SET idle_in_transaction_session_timeout = 0;
SET transaction_timeout = 0;
SET client_encoding = 'UTF8';
SET standard_conforming_strings = on;
SELECT pg_catalog.set_config('search_path', '', false);
SET check_function_bodies = false;
SET xmloption = content;
SET client_min_messages = warning;
SET row_security = off;

SET default_tablespace = '';

SET default_table_access_method = heap;

--
-- TOC entry 234 (class 1259 OID 33210)
-- Name: carrito_compras; Type: TABLE; Schema: public; Owner: postgres
--

CREATE TABLE public.carrito_compras (
    usuer_id integer NOT NULL,
    product_id integer NOT NULL,
    cantidad integer DEFAULT 1 NOT NULL
);


ALTER TABLE public.carrito_compras OWNER TO postgres;

--
-- TOC entry 222 (class 1259 OID 16430)
-- Name: categories; Type: TABLE; Schema: public; Owner: postgres
--

CREATE TABLE public.categories (
    id integer NOT NULL,
    nombre character varying(100) NOT NULL,
    status_id integer DEFAULT 1
);


ALTER TABLE public.categories OWNER TO postgres;

--
-- TOC entry 221 (class 1259 OID 16429)
-- Name: categories_id_seq; Type: SEQUENCE; Schema: public; Owner: postgres
--

CREATE SEQUENCE public.categories_id_seq
    AS integer
    START WITH 1
    INCREMENT BY 1
    NO MINVALUE
    NO MAXVALUE
    CACHE 1;


ALTER SEQUENCE public.categories_id_seq OWNER TO postgres;

--
-- TOC entry 5103 (class 0 OID 0)
-- Dependencies: 221
-- Name: categories_id_seq; Type: SEQUENCE OWNED BY; Schema: public; Owner: postgres
--

ALTER SEQUENCE public.categories_id_seq OWNED BY public.categories.id;


--
-- TOC entry 225 (class 1259 OID 16467)
-- Name: price_history; Type: TABLE; Schema: public; Owner: postgres
--

CREATE TABLE public.price_history (
    id integer NOT NULL,
    product_id integer,
    user_id integer,
    precio_anterior numeric(10,2),
    precio_nuevo numeric(10,2) NOT NULL,
    fecha_cambio timestamp without time zone DEFAULT CURRENT_TIMESTAMP
);


ALTER TABLE public.price_history OWNER TO postgres;

--
-- TOC entry 231 (class 1259 OID 16757)
-- Name: price_history_id_seq; Type: SEQUENCE; Schema: public; Owner: postgres
--

ALTER TABLE public.price_history ALTER COLUMN id ADD GENERATED BY DEFAULT AS IDENTITY (
    SEQUENCE NAME public.price_history_id_seq
    START WITH 1
    INCREMENT BY 1
    NO MINVALUE
    NO MAXVALUE
    CACHE 1
);


--
-- TOC entry 230 (class 1259 OID 16734)
-- Name: product_categories; Type: TABLE; Schema: public; Owner: postgres
--

CREATE TABLE public.product_categories (
    product_id integer NOT NULL,
    category_id integer NOT NULL
);


ALTER TABLE public.product_categories OWNER TO postgres;

--
-- TOC entry 224 (class 1259 OID 16445)
-- Name: products; Type: TABLE; Schema: public; Owner: postgres
--

CREATE TABLE public.products (
    id integer NOT NULL,
    nombre character varying(150) NOT NULL,
    descripcion text,
    status_id integer DEFAULT 1,
    imagen_url text,
    precio numeric(10,2) DEFAULT 0 NOT NULL,
    stock integer DEFAULT 0
);


ALTER TABLE public.products OWNER TO postgres;

--
-- TOC entry 223 (class 1259 OID 16444)
-- Name: products_id_seq; Type: SEQUENCE; Schema: public; Owner: postgres
--

CREATE SEQUENCE public.products_id_seq
    AS integer
    START WITH 1
    INCREMENT BY 1
    NO MINVALUE
    NO MAXVALUE
    CACHE 1;


ALTER SEQUENCE public.products_id_seq OWNER TO postgres;

--
-- TOC entry 5104 (class 0 OID 0)
-- Dependencies: 223
-- Name: products_id_seq; Type: SEQUENCE OWNED BY; Schema: public; Owner: postgres
--

ALTER SEQUENCE public.products_id_seq OWNED BY public.products.id;


--
-- TOC entry 227 (class 1259 OID 16608)
-- Name: roles; Type: TABLE; Schema: public; Owner: postgres
--

CREATE TABLE public.roles (
    id integer NOT NULL,
    nombre_rol character varying(50) NOT NULL
);


ALTER TABLE public.roles OWNER TO postgres;

--
-- TOC entry 226 (class 1259 OID 16607)
-- Name: roles_id_seq; Type: SEQUENCE; Schema: public; Owner: postgres
--

CREATE SEQUENCE public.roles_id_seq
    AS integer
    START WITH 1
    INCREMENT BY 1
    NO MINVALUE
    NO MAXVALUE
    CACHE 1;


ALTER SEQUENCE public.roles_id_seq OWNER TO postgres;

--
-- TOC entry 5105 (class 0 OID 0)
-- Dependencies: 226
-- Name: roles_id_seq; Type: SEQUENCE OWNED BY; Schema: public; Owner: postgres
--

ALTER SEQUENCE public.roles_id_seq OWNED BY public.roles.id;


--
-- TOC entry 220 (class 1259 OID 16390)
-- Name: status; Type: TABLE; Schema: public; Owner: postgres
--

CREATE TABLE public.status (
    id integer NOT NULL,
    nombre character varying(50) NOT NULL
);


ALTER TABLE public.status OWNER TO postgres;

--
-- TOC entry 219 (class 1259 OID 16389)
-- Name: status_id_seq; Type: SEQUENCE; Schema: public; Owner: postgres
--

CREATE SEQUENCE public.status_id_seq
    AS integer
    START WITH 1
    INCREMENT BY 1
    NO MINVALUE
    NO MAXVALUE
    CACHE 1;


ALTER SEQUENCE public.status_id_seq OWNER TO postgres;

--
-- TOC entry 5106 (class 0 OID 0)
-- Dependencies: 219
-- Name: status_id_seq; Type: SEQUENCE OWNED BY; Schema: public; Owner: postgres
--

ALTER SEQUENCE public.status_id_seq OWNED BY public.status.id;


--
-- TOC entry 229 (class 1259 OID 16663)
-- Name: users; Type: TABLE; Schema: public; Owner: postgres
--

CREATE TABLE public.users (
    id integer NOT NULL,
    nombre character varying(100),
    email character varying(100),
    password character varying(255),
    status_id integer DEFAULT 1,
    role_id integer DEFAULT 3,
    created_at timestamp without time zone DEFAULT CURRENT_TIMESTAMP,
    saldo numeric(10,2) DEFAULT 0.00
);


ALTER TABLE public.users OWNER TO postgres;

--
-- TOC entry 228 (class 1259 OID 16662)
-- Name: users_id_seq; Type: SEQUENCE; Schema: public; Owner: postgres
--

CREATE SEQUENCE public.users_id_seq
    AS integer
    START WITH 1
    INCREMENT BY 1
    NO MINVALUE
    NO MAXVALUE
    CACHE 1;


ALTER SEQUENCE public.users_id_seq OWNER TO postgres;

--
-- TOC entry 5107 (class 0 OID 0)
-- Dependencies: 228
-- Name: users_id_seq; Type: SEQUENCE OWNED BY; Schema: public; Owner: postgres
--

ALTER SEQUENCE public.users_id_seq OWNED BY public.users.id;


--
-- TOC entry 233 (class 1259 OID 24964)
-- Name: wallet; Type: TABLE; Schema: public; Owner: postgres
--

CREATE TABLE public.wallet (
    id integer CONSTRAINT wallet_transactions_id_not_null NOT NULL,
    user_id integer CONSTRAINT wallet_transactions_user_id_not_null NOT NULL,
    admin_id integer,
    monto numeric(10,2) CONSTRAINT wallet_transactions_monto_not_null NOT NULL,
    tipo character varying(50) CONSTRAINT wallet_transactions_tipo_not_null NOT NULL,
    descripcion text,
    fecha timestamp without time zone DEFAULT CURRENT_TIMESTAMP
);


ALTER TABLE public.wallet OWNER TO postgres;

--
-- TOC entry 232 (class 1259 OID 24963)
-- Name: wallet_transactions_id_seq; Type: SEQUENCE; Schema: public; Owner: postgres
--

CREATE SEQUENCE public.wallet_transactions_id_seq
    AS integer
    START WITH 1
    INCREMENT BY 1
    NO MINVALUE
    NO MAXVALUE
    CACHE 1;


ALTER SEQUENCE public.wallet_transactions_id_seq OWNER TO postgres;

--
-- TOC entry 5108 (class 0 OID 0)
-- Dependencies: 232
-- Name: wallet_transactions_id_seq; Type: SEQUENCE OWNED BY; Schema: public; Owner: postgres
--

ALTER SEQUENCE public.wallet_transactions_id_seq OWNED BY public.wallet.id;


--
-- TOC entry 4886 (class 2604 OID 16433)
-- Name: categories id; Type: DEFAULT; Schema: public; Owner: postgres
--

ALTER TABLE ONLY public.categories ALTER COLUMN id SET DEFAULT nextval('public.categories_id_seq'::regclass);


--
-- TOC entry 4888 (class 2604 OID 16448)
-- Name: products id; Type: DEFAULT; Schema: public; Owner: postgres
--

ALTER TABLE ONLY public.products ALTER COLUMN id SET DEFAULT nextval('public.products_id_seq'::regclass);


--
-- TOC entry 4893 (class 2604 OID 16611)
-- Name: roles id; Type: DEFAULT; Schema: public; Owner: postgres
--

ALTER TABLE ONLY public.roles ALTER COLUMN id SET DEFAULT nextval('public.roles_id_seq'::regclass);


--
-- TOC entry 4885 (class 2604 OID 16393)
-- Name: status id; Type: DEFAULT; Schema: public; Owner: postgres
--

ALTER TABLE ONLY public.status ALTER COLUMN id SET DEFAULT nextval('public.status_id_seq'::regclass);


--
-- TOC entry 4894 (class 2604 OID 16666)
-- Name: users id; Type: DEFAULT; Schema: public; Owner: postgres
--

ALTER TABLE ONLY public.users ALTER COLUMN id SET DEFAULT nextval('public.users_id_seq'::regclass);


--
-- TOC entry 4899 (class 2604 OID 24967)
-- Name: wallet id; Type: DEFAULT; Schema: public; Owner: postgres
--

ALTER TABLE ONLY public.wallet ALTER COLUMN id SET DEFAULT nextval('public.wallet_transactions_id_seq'::regclass);


--
-- TOC entry 5097 (class 0 OID 33210)
-- Dependencies: 234
-- Data for Name: carrito_compras; Type: TABLE DATA; Schema: public; Owner: postgres
--

INSERT INTO public.carrito_compras VALUES (1, 2, 14);
INSERT INTO public.carrito_compras VALUES (1, 1, 20);


--
-- TOC entry 5085 (class 0 OID 16430)
-- Dependencies: 222
-- Data for Name: categories; Type: TABLE DATA; Schema: public; Owner: postgres
--

INSERT INTO public.categories VALUES (1, 'Hardware', 1);
INSERT INTO public.categories VALUES (2, 'Computadoras', 1);
INSERT INTO public.categories VALUES (3, 'Periférico', 1);
INSERT INTO public.categories VALUES (4, 'Alambrico', 1);
INSERT INTO public.categories VALUES (5, 'Inalámbrico', 1);


--
-- TOC entry 5088 (class 0 OID 16467)
-- Dependencies: 225
-- Data for Name: price_history; Type: TABLE DATA; Schema: public; Owner: postgres
--

INSERT INTO public.price_history VALUES (1, 1, 2, 0.00, 2000.00, '2026-03-28 17:58:48.925993');
INSERT INTO public.price_history VALUES (2, 2, 2, 0.00, 150.00, '2026-03-28 17:59:14.453497');
INSERT INTO public.price_history VALUES (3, 3, 2, 0.00, 120.00, '2026-03-28 17:59:40.888129');
INSERT INTO public.price_history VALUES (5, 3, 2, 120.00, 114.00, '2026-03-28 18:44:58.600542');


--
-- TOC entry 5093 (class 0 OID 16734)
-- Dependencies: 230
-- Data for Name: product_categories; Type: TABLE DATA; Schema: public; Owner: postgres
--

INSERT INTO public.product_categories VALUES (1, 1);
INSERT INTO public.product_categories VALUES (2, 3);
INSERT INTO public.product_categories VALUES (2, 5);
INSERT INTO public.product_categories VALUES (3, 3);
INSERT INTO public.product_categories VALUES (3, 4);


--
-- TOC entry 5087 (class 0 OID 16445)
-- Dependencies: 224
-- Data for Name: products; Type: TABLE DATA; Schema: public; Owner: postgres
--

INSERT INTO public.products VALUES (1, 'Monitor', 'Monitor genérico', 1, 'https://res.cloudinary.com/ddvit9qlh/image/upload/v1774742377/xay6khp5pawigt6h7qho.jpg', 2000.00, 98);
INSERT INTO public.products VALUES (2, 'Maus inalámbrico', 'Mouse Bluetooth', 1, 'https://res.cloudinary.com/ddvit9qlh/image/upload/v1774742401/yptwqsqu7aihn0su6te2.jpg', 150.00, 2000);
INSERT INTO public.products VALUES (3, 'Mouse USB', 'Mouse enérgica', 2, 'https://res.cloudinary.com/ddvit9qlh/image/upload/v1774742428/mpmdxl7eeieujgyz53hk.jpg', 114.00, 20001);


--
-- TOC entry 5090 (class 0 OID 16608)
-- Dependencies: 227
-- Data for Name: roles; Type: TABLE DATA; Schema: public; Owner: postgres
--

INSERT INTO public.roles VALUES (1, 'Super Admin');
INSERT INTO public.roles VALUES (2, 'Administrador');
INSERT INTO public.roles VALUES (3, 'Usuario');


--
-- TOC entry 5083 (class 0 OID 16390)
-- Dependencies: 220
-- Data for Name: status; Type: TABLE DATA; Schema: public; Owner: postgres
--

INSERT INTO public.status VALUES (1, 'Activo');
INSERT INTO public.status VALUES (2, 'Inactivo');
INSERT INTO public.status VALUES (3, 'Suspendido');


--
-- TOC entry 5092 (class 0 OID 16663)
-- Dependencies: 229
-- Data for Name: users; Type: TABLE DATA; Schema: public; Owner: postgres
--

INSERT INTO public.users VALUES (2, 'Super Admin', 'admin@bitmarket.test', '$2b$10$VP3N6CEwFhVERLMo8ueIQ.6S0OF4fk18q28y8hoEtWOI2oTjPsbn.', 1, 1, '2026-03-27 21:39:13.364359', 0.00);
INSERT INTO public.users VALUES (1, 'Cliente', 'cliente@bitmarket.test', '$2b$10$YPnycUlQ4J9bOT0ohdWkHOHR.x3ZTWty49AH5nQjhmi.VX/xnrNtS', 1, 3, '2026-03-27 21:39:13.364359', 4028.00);


--
-- TOC entry 5096 (class 0 OID 24964)
-- Dependencies: 233
-- Data for Name: wallet; Type: TABLE DATA; Schema: public; Owner: postgres
--

INSERT INTO public.wallet VALUES (1, 1, 2, 10.00, 'recarga_admin', 'Ajuste de error de sistema', '2026-03-29 16:27:35.384024');
INSERT INTO public.wallet VALUES (2, 1, 2, 1.00, 'recarga_admin', 'Recarga administrativa aplicada por admin@bitmarket.test', '2026-03-29 16:29:29.478699');
INSERT INTO public.wallet VALUES (3, 1, 2, -12.00, 'recarga_admin', 'Recarga administrativa aplicada por admin@bitmarket.test', '2026-03-29 16:40:06.545804');
INSERT INTO public.wallet VALUES (4, 1, 2, 11.00, 'recarga_admin', 'Recarga administrativa aplicada por admin@bitmarket.test', '2026-03-29 16:40:19.914197');
INSERT INTO public.wallet VALUES (5, 1, 2, 10.00, 'recarga_admin', 'Ajuste del sistema', '2026-03-29 16:48:33.584349');
INSERT INTO public.wallet VALUES (6, 1, 2, -21.00, 'recarga_admin', 'A peso del sistema', '2026-03-29 16:49:11.46368');
INSERT INTO public.wallet VALUES (7, 1, 2, 10.00, 'recarga_admin', 'Aquí su decisión', '2026-03-29 16:52:06.850306');
INSERT INTO public.wallet VALUES (8, 1, 2, 10.00, 'recarga_admin', 'ajuste de sistema', '2026-03-29 16:54:02.560709');
INSERT INTO public.wallet VALUES (9, 1, NULL, 10.00, 'recarga', 'Recarga de saldo propia', '2026-03-29 20:18:37.125081');
INSERT INTO public.wallet VALUES (10, 1, NULL, 31.00, 'recarga', 'Recarga de saldo propia', '2026-03-29 20:19:02.402707');
INSERT INTO public.wallet VALUES (11, 1, NULL, 10.00, 'recarga', 'Recarga de saldo propia', '2026-03-29 20:21:46.116909');
INSERT INTO public.wallet VALUES (12, 1, NULL, 41.00, 'recarga', 'Recarga de saldo propia', '2026-03-29 20:26:15.073595');
INSERT INTO public.wallet VALUES (13, 1, NULL, 14.00, 'recarga', 'Recarga de saldo propia', '2026-03-29 21:58:54.563183');
INSERT INTO public.wallet VALUES (14, 1, NULL, 1.00, 'recarga', 'Recarga de saldo propia', '2026-03-29 22:05:33.075143');
INSERT INTO public.wallet VALUES (15, 1, NULL, 1.00, 'recarga', 'Recarga de saldo propia', '2026-03-29 22:06:42.860686');
INSERT INTO public.wallet VALUES (16, 1, NULL, 1.00, 'recarga', 'Recarga de saldo propia', '2026-03-29 22:10:59.150627');
INSERT INTO public.wallet VALUES (17, 1, NULL, 1.00, 'recarga', 'Recarga de saldo propia', '2026-03-29 22:11:42.126561');
INSERT INTO public.wallet VALUES (18, 1, NULL, 1.00, 'recarga', 'Recarga de saldo propia', '2026-03-29 22:26:12.655629');
INSERT INTO public.wallet VALUES (19, 1, NULL, 1.02, 'recarga', 'Recarga de saldo propia', '2026-03-29 22:26:31.315903');
INSERT INTO public.wallet VALUES (20, 1, NULL, 0.98, 'recarga', 'Recarga de saldo propia', '2026-03-29 22:26:58.669734');
INSERT INTO public.wallet VALUES (21, 1, NULL, 1.00, 'recarga', 'Recarga de saldo propia', '2026-03-30 17:05:23.445022');
INSERT INTO public.wallet VALUES (22, 1, NULL, 645.00, 'recarga', 'Recarga de saldo propia', '2026-03-30 19:09:35.745696');
INSERT INTO public.wallet VALUES (23, 1, NULL, 10000.00, 'recarga', 'Recarga de saldo propia', '2026-03-30 19:22:03.041073');


--
-- TOC entry 5109 (class 0 OID 0)
-- Dependencies: 221
-- Name: categories_id_seq; Type: SEQUENCE SET; Schema: public; Owner: postgres
--

SELECT pg_catalog.setval('public.categories_id_seq', 5, true);


--
-- TOC entry 5110 (class 0 OID 0)
-- Dependencies: 231
-- Name: price_history_id_seq; Type: SEQUENCE SET; Schema: public; Owner: postgres
--

SELECT pg_catalog.setval('public.price_history_id_seq', 5, true);


--
-- TOC entry 5111 (class 0 OID 0)
-- Dependencies: 223
-- Name: products_id_seq; Type: SEQUENCE SET; Schema: public; Owner: postgres
--

SELECT pg_catalog.setval('public.products_id_seq', 4, true);


--
-- TOC entry 5112 (class 0 OID 0)
-- Dependencies: 226
-- Name: roles_id_seq; Type: SEQUENCE SET; Schema: public; Owner: postgres
--

SELECT pg_catalog.setval('public.roles_id_seq', 3, true);


--
-- TOC entry 5113 (class 0 OID 0)
-- Dependencies: 219
-- Name: status_id_seq; Type: SEQUENCE SET; Schema: public; Owner: postgres
--

SELECT pg_catalog.setval('public.status_id_seq', 3, true);


--
-- TOC entry 5114 (class 0 OID 0)
-- Dependencies: 228
-- Name: users_id_seq; Type: SEQUENCE SET; Schema: public; Owner: postgres
--

SELECT pg_catalog.setval('public.users_id_seq', 2, true);


--
-- TOC entry 5115 (class 0 OID 0)
-- Dependencies: 232
-- Name: wallet_transactions_id_seq; Type: SEQUENCE SET; Schema: public; Owner: postgres
--

SELECT pg_catalog.setval('public.wallet_transactions_id_seq', 23, true);


--
-- TOC entry 4923 (class 2606 OID 33218)
-- Name: carrito_compras carrito_compras_pkey; Type: CONSTRAINT; Schema: public; Owner: postgres
--

ALTER TABLE ONLY public.carrito_compras
    ADD CONSTRAINT carrito_compras_pkey PRIMARY KEY (usuer_id, product_id);


--
-- TOC entry 4905 (class 2606 OID 16438)
-- Name: categories categories_pkey; Type: CONSTRAINT; Schema: public; Owner: postgres
--

ALTER TABLE ONLY public.categories
    ADD CONSTRAINT categories_pkey PRIMARY KEY (id);


--
-- TOC entry 4909 (class 2606 OID 16475)
-- Name: price_history price_history_pkey; Type: CONSTRAINT; Schema: public; Owner: postgres
--

ALTER TABLE ONLY public.price_history
    ADD CONSTRAINT price_history_pkey PRIMARY KEY (id);


--
-- TOC entry 4919 (class 2606 OID 16740)
-- Name: product_categories product_categories_pkey; Type: CONSTRAINT; Schema: public; Owner: postgres
--

ALTER TABLE ONLY public.product_categories
    ADD CONSTRAINT product_categories_pkey PRIMARY KEY (product_id, category_id);


--
-- TOC entry 4907 (class 2606 OID 16455)
-- Name: products products_pkey; Type: CONSTRAINT; Schema: public; Owner: postgres
--

ALTER TABLE ONLY public.products
    ADD CONSTRAINT products_pkey PRIMARY KEY (id);


--
-- TOC entry 4911 (class 2606 OID 16617)
-- Name: roles roles_nombre_rol_key; Type: CONSTRAINT; Schema: public; Owner: postgres
--

ALTER TABLE ONLY public.roles
    ADD CONSTRAINT roles_nombre_rol_key UNIQUE (nombre_rol);


--
-- TOC entry 4913 (class 2606 OID 16615)
-- Name: roles roles_pkey; Type: CONSTRAINT; Schema: public; Owner: postgres
--

ALTER TABLE ONLY public.roles
    ADD CONSTRAINT roles_pkey PRIMARY KEY (id);


--
-- TOC entry 4903 (class 2606 OID 16397)
-- Name: status status_pkey; Type: CONSTRAINT; Schema: public; Owner: postgres
--

ALTER TABLE ONLY public.status
    ADD CONSTRAINT status_pkey PRIMARY KEY (id);


--
-- TOC entry 4915 (class 2606 OID 16674)
-- Name: users users_email_key; Type: CONSTRAINT; Schema: public; Owner: postgres
--

ALTER TABLE ONLY public.users
    ADD CONSTRAINT users_email_key UNIQUE (email);


--
-- TOC entry 4917 (class 2606 OID 16672)
-- Name: users users_pkey; Type: CONSTRAINT; Schema: public; Owner: postgres
--

ALTER TABLE ONLY public.users
    ADD CONSTRAINT users_pkey PRIMARY KEY (id);


--
-- TOC entry 4921 (class 2606 OID 24976)
-- Name: wallet wallet_transactions_pkey; Type: CONSTRAINT; Schema: public; Owner: postgres
--

ALTER TABLE ONLY public.wallet
    ADD CONSTRAINT wallet_transactions_pkey PRIMARY KEY (id);


--
-- TOC entry 4924 (class 2606 OID 16439)
-- Name: categories categories_status_id_fkey; Type: FK CONSTRAINT; Schema: public; Owner: postgres
--

ALTER TABLE ONLY public.categories
    ADD CONSTRAINT categories_status_id_fkey FOREIGN KEY (status_id) REFERENCES public.status(id);


--
-- TOC entry 4934 (class 2606 OID 33219)
-- Name: carrito_compras fk_carrito_productos; Type: FK CONSTRAINT; Schema: public; Owner: postgres
--

ALTER TABLE ONLY public.carrito_compras
    ADD CONSTRAINT fk_carrito_productos FOREIGN KEY (product_id) REFERENCES public.products(id);


--
-- TOC entry 4926 (class 2606 OID 16758)
-- Name: price_history fk_product_history; Type: FK CONSTRAINT; Schema: public; Owner: postgres
--

ALTER TABLE ONLY public.price_history
    ADD CONSTRAINT fk_product_history FOREIGN KEY (product_id) REFERENCES public.products(id) ON DELETE CASCADE;


--
-- TOC entry 4929 (class 2606 OID 16675)
-- Name: users fk_user_role; Type: FK CONSTRAINT; Schema: public; Owner: postgres
--

ALTER TABLE ONLY public.users
    ADD CONSTRAINT fk_user_role FOREIGN KEY (role_id) REFERENCES public.roles(id);


--
-- TOC entry 4927 (class 2606 OID 16476)
-- Name: price_history price_history_product_id_fkey; Type: FK CONSTRAINT; Schema: public; Owner: postgres
--

ALTER TABLE ONLY public.price_history
    ADD CONSTRAINT price_history_product_id_fkey FOREIGN KEY (product_id) REFERENCES public.products(id);


--
-- TOC entry 4928 (class 2606 OID 16680)
-- Name: price_history price_history_user_id_cambio_fkey; Type: FK CONSTRAINT; Schema: public; Owner: postgres
--

ALTER TABLE ONLY public.price_history
    ADD CONSTRAINT price_history_user_id_cambio_fkey FOREIGN KEY (user_id) REFERENCES public.users(id);


--
-- TOC entry 4930 (class 2606 OID 16746)
-- Name: product_categories product_categories_category_id_fkey; Type: FK CONSTRAINT; Schema: public; Owner: postgres
--

ALTER TABLE ONLY public.product_categories
    ADD CONSTRAINT product_categories_category_id_fkey FOREIGN KEY (category_id) REFERENCES public.categories(id) ON DELETE CASCADE;


--
-- TOC entry 4931 (class 2606 OID 16741)
-- Name: product_categories product_categories_product_id_fkey; Type: FK CONSTRAINT; Schema: public; Owner: postgres
--

ALTER TABLE ONLY public.product_categories
    ADD CONSTRAINT product_categories_product_id_fkey FOREIGN KEY (product_id) REFERENCES public.products(id) ON DELETE CASCADE;


--
-- TOC entry 4925 (class 2606 OID 16461)
-- Name: products products_status_id_fkey; Type: FK CONSTRAINT; Schema: public; Owner: postgres
--

ALTER TABLE ONLY public.products
    ADD CONSTRAINT products_status_id_fkey FOREIGN KEY (status_id) REFERENCES public.status(id);


--
-- TOC entry 4932 (class 2606 OID 24982)
-- Name: wallet wallet_transactions_admin_id_fkey; Type: FK CONSTRAINT; Schema: public; Owner: postgres
--

ALTER TABLE ONLY public.wallet
    ADD CONSTRAINT wallet_transactions_admin_id_fkey FOREIGN KEY (admin_id) REFERENCES public.users(id);


--
-- TOC entry 4933 (class 2606 OID 24977)
-- Name: wallet wallet_transactions_user_id_fkey; Type: FK CONSTRAINT; Schema: public; Owner: postgres
--

ALTER TABLE ONLY public.wallet
    ADD CONSTRAINT wallet_transactions_user_id_fkey FOREIGN KEY (user_id) REFERENCES public.users(id) ON DELETE CASCADE;


-- Completed on 2026-04-02 14:21:44

--
-- PostgreSQL database dump complete
--

\unrestrict gYxhkN4648hX0i2DFn1UJB1NRL5Uzmbe8TQV165MrMbPsFbG1VKtO2JyJnwDvk2

